{"\u03bb": [0.003, 0.0085, 0.018, 0.035], "bpp": [0.7855893333333334, 0.6672266666666665, 0.5451413333333333, 0.4249440000000002], "psnr": [36.93983030319214, 36.03251123428345, 34.94501876831055, 33.6841238339742], "ms-ssim": [0.9892319763700167, 0.9867496490478516, 0.9829511220256487, 0.9770641103386879], "FID": [16.32424002941275, 19.88968083762984, 26.63253979617514, 39.27991409732408], "LPIPS": [0.06902200169861317, 0.08218234905507416, 0.1008776232289771, 0.1293034637346864], "DISTS": [0.1310967927177747, 0.1500254149238268, 0.1767402142286301, 0.2110706518093745]}