{"\u03bb": [0.0016, 0.0032, 0.0075, 0.015, 0.03, 0.045], "bpp": [0.132912, 0.201712, 0.2938826666666667, 0.450544, 0.6371306666666666, 0.8627146666666667], "psnr": [28.35296511650085, 29.7417372862498, 31.09951043128967, 33.12860377629598, 34.83777785301208, 36.43724807103475], "ms-ssim": [0.9249899213512739, 0.9469175239404043, 0.962881438434124, 0.9755265489220619, 0.983964112897714, 0.9892391214768091], "FID": [123.511011098522, 88.4920192579862, 64.8971878188473, 42.1370111535032, 25.2886535965233, 16.6963132253488], "LPIPS": [0.323578298091888, 0.25699911514918, 0.198676586151123, 0.141442288955052, 0.100515683492024, 0.0720342596371968], "DISTS": [0.387876895566781, 0.334089602033297, 0.284142047166824, 0.227002022167046, 0.17770329862833, 0.136775761842727]}