{"\u03bb": [0.0016, 0.0032, 0.0075, 0.015, 0.03, 0.045], "bpp": [0.1294026666666667, 0.1921066666666667, 0.2920853333333333, 0.461344, 0.6397493333333334, 0.8641173333333332], "psnr": [28.23027904828389, 29.56270162264506, 31.09673444430033, 33.09780271848043, 34.65586503346761, 36.32784223556519], "ms-ssim": [0.9255572259426117, 0.9461119845509529, 0.9635529865821203, 0.9761510441700617, 0.9836947023868561, 0.9891449982921282], "FID": [127.377084408628, 97.3710303595511, 68.0758786996771, 41.8739097199216, 26.1891908626441, 17.2724614020608], "LPIPS": [0.336395104726155, 0.272462308406829, 0.204768975575764, 0.141522020101547, 0.103231946627299, 0.0732319851716359], "DISTS": [0.393189884722232, 0.342123145858446, 0.284269799788792, 0.223672332863012, 0.178494354089101, 0.137256850798924]}