{"\u03bb": [0.0018, 0.0035, 0.0067, 0.025], "bpp": [0.1415733333333333, 0.218496, 0.3232693333333334, 0.6923413333333331], "psnr": [29.0149073600769, 30.54214668273926, 32.06910371780396, 35.65226109822591], "ms-ssim": [0.9329049636920294, 0.9530778974294662, 0.9679912403225899, 0.9858063956101736], "FID": [112.7981287857502, 81.50532035022684, 53.08831384835537, 21.81650451233548], "LPIPS": [0.2884234587351481, 0.2251588503519694, 0.1627125839392344, 0.08543600638707478], "DISTS": [0.3677794809142749, 0.3131529291470845, 0.2548442333936691, 0.154677485426267]}