{"\u03bb": [0.0018, 0.0035, 0.0067, 0.013, 0.025, 0.05], "bpp": [0.121712, 0.1923146666666667, 0.3143146666666666, 0.4548159999999999, 0.6307466666666667, 0.8613173333333332], "psnr": [29.04126111666362, 30.5519388516744, 32.4625194867452, 34.17935061454773, 35.86505858103434, 37.61145067214966], "ms-ssim": [0.9310149674614271, 0.9528307914733887, 0.9696799541513125, 0.9798908159136772, 0.9864210958282152, 0.9908796374996504], "FID": [108.0224859879271, 74.11489834312351, 50.79599478494816, 30.62629709069961, 20.26079632537386, 13.87649810664988], "LPIPS": [0.2944658560057481, 0.225156024719278, 0.1587002474504212, 0.1127957976423204, 0.08124421676620841, 0.058677261598253], "DISTS": [0.3615157355864843, 0.306099496781826, 0.2461523488163948, 0.194872073829174, 0.152757021288077, 0.116248977681001]}