{"\u03bb": [0.0004, 0.0008, 0.0016, 0.0032, 0.015, 0.045], "bpp": [0.0522666666666666, 0.084592, 0.136085333333333, 0.213738666666666, 0.530272, 0.918986666666666], "psnr": [25.9209083340649, 27.2903900383396, 28.7604449274945, 30.3300836654846, 34.2647353999258, 37.296222426614], "ms-ssim": [0.866979579130808, 0.901166828970114, 0.930382686356703, 0.951704035202662, 0.980730339884758, 0.99001245200634], "FID": [221.484260360205, 160.732055376057, 120.013760976106, 79.4290025709468, 28.6488442386585, 13.9369321434662], "LPIPS": [0.447745005289713, 0.376880288124084, 0.304796953996022, 0.237567643324534, 0.114002138376235, 0.0657029996315638], "DISTS": [0.482424408197402, 0.430885727206865, 0.373320346077283, 0.317155053218205, 0.19074818243583, 0.121466656525929]}