{"\u03bb": [0.0004, 0.0008, 0.0016, 0.0032, 0.0075, 0.015, 0.03, 0.045], "bpp": [0.1380213333333333, 0.209056, 0.3156, 0.4788053333333331, 0.6990133333333336, 1.03864, 1.445930666666666, 1.964192], "psnr": [26.62345512708028, 27.92479761441549, 29.31237355868022, 30.98061736424764, 32.65826924641927, 35.1112387975057, 37.13180335362753, 39.32907422383627], "ms-ssim": [0.9104986662666003, 0.9356785143415133, 0.9551000644763311, 0.9701553185780843, 0.9804028098781904, 0.9877749805649122, 0.9921167170008024, 0.9950434888402621], "FID": [137.457047182229, 96.9543563548124, 69.8243707989502, 44.9415122589614, 27.2682933816411, 17.8028440321978, 10.3560636061533, 5.13465492753414], "LPIPS": [0.388392567634582, 0.319779972235361, 0.253882308801015, 0.18105794986089, 0.123012353976567, 0.0830022046963373, 0.057913934191068, 0.0362890735268592], "DISTS": [0.42781892667214, 0.375251228610674, 0.3222443262736, 0.263824199636777, 0.205605561534563, 0.151192265252272, 0.108852259814739, 0.0744112009803454]}