{"\u03bb": [0.0018, 0.0035, 0.0067, 0.013, 0.025, 0.0483], "bpp": [0.1474933333333333, 0.221708, 0.3239906666666666, 0.4686813333333333, 0.6546573333333333, 0.8931239999999999], "psnr": [29.4705974260966, 30.9473356405894, 32.4776893456777, 34.18132845560709, 35.91049687067667, 37.62674967447916], "ms-ssim": [0.9397815093398094, 0.9581702724099159, 0.9708241199453672, 0.9803678741057714, 0.9866459518671036, 0.9907501911123594], "FID": [95.40014183629899, 67.80595981108627, 49.08237611440205, 29.63374392677133, 17.90409485457025, 13.17416797596331], "LPIPS": [0.2683434446031849, 0.2062922843421499, 0.1561708683148026, 0.1127816872516026, 0.08175852514492969, 0.06119794476156434], "DISTS": [0.3444367224971454, 0.2902075921495755, 0.2413645808895429, 0.1922813629110654, 0.1514638562997182, 0.1171974415580432]}