{"\u03bb": [0.0004, 0.0008, 0.0016, 0.0032, 0.0075, 0.015, 0.03, 0.045], "bpp": [0.1507093333333333, 0.2356533333333334, 0.3561546666666667, 0.5247359999999999, 0.7298186666666665, 1.02104, 1.367248, 1.8], "psnr": [27.38392043113708, 28.97496978441874, 30.69107341766357, 32.5779352982839, 34.23472317059835, 36.4443933169047, 38.31012614568075, 40.2650663057963], "ms-ssim": [0.9185921574632326, 0.942507137854894, 0.9611383353670439, 0.9745376532276472, 0.9832620248198509, 0.9890712176760038, 0.9928330878416697, 0.9954357743263245], "FID": [127.948971063302, 95.5387478203671, 64.0851914768767, 44.7798881401411, 27.6316133652284, 17.0189289230318, 9.73748176023565, 4.66370118255594], "LPIPS": [0.373124758402506, 0.294744988282521, 0.223404467105865, 0.161255021890004, 0.113191833098729, 0.0824438085158665, 0.05424065887928, 0.0350710749626159], "DISTS": [0.406894356012344, 0.348736392954985, 0.288024020691712, 0.230061044295628, 0.172202048202355, 0.132803204158941, 0.0967578267057736, 0.0678461591402689]}