{"\u03bb": [0.0016, 0.0024, 0.0032, 0.0075, 0.015, 0.03, 0.045, 0.09], "bpp": [0.1089386666666667, 0.1468373333333333, 0.177648, 0.3143733333333333, 0.4812853333333332, 0.6920213333333335, 0.8425493333333333, 1.134570666666667], "psnr": [27.74357342720032, 28.75411454836528, 29.51343409220378, 31.68277049064636, 33.68602307637533, 35.57067441940308, 36.64818032582601, 38.22166220347086], "ms-ssim": [0.9128933375080427, 0.9307147562503815, 0.9418163498242696, 0.9657647783557574, 0.9778109019001325, 0.9856214821338654, 0.9888960520426432, 0.9924046571056048], "FID": [155.4304673254587, 120.1113253356851, 99.64292845410148, 59.99713488479125, 38.62854403866811, 25.11404197278875, 17.64220687942509, 11.48015925429655], "LPIPS": [0.3635893892496824, 0.3124271972725789, 0.2761604400972525, 0.1868270385699967, 0.1342853541330745, 0.09464136060948174, 0.07695568993221968, 0.05584571941290051], "DISTS": [0.4162202055255572, 0.3800425082445145, 0.350094107290109, 0.2744219476977984, 0.2163645178079605, 0.1645571514964104, 0.1389616057276726, 0.1043237174550692]}