{"\u03bb": [0.0018, 0.0035, 0.0067, 0.013, 0.025, 0.0483], "bpp": [0.125456, 0.1994826666666667, 0.3022293333333333, 0.44848, 0.6318666666666667, 0.8751679999999998], "psnr": [29.04950372378032, 30.64829476674398, 32.33368412653605, 34.08535273869833, 35.84651295344035, 37.67376454671224], "ms-ssim": [0.9311463236808777, 0.9528547277053198, 0.9683900823195776, 0.9790973514318466, 0.9859181717038155, 0.9904970799883207], "FID": [118.293373340211, 78.67779056580014, 53.87741099235558, 34.59262277661895, 22.19000431772145, 14.07328102493426], "LPIPS": [0.2986245136708021, 0.2283206929763158, 0.166369480236123, 0.1177506728563458, 0.08529961799892287, 0.06143092913165068], "DISTS": [0.3693236435453097, 0.3124779065450032, 0.2573491012056668, 0.203947126865387, 0.1604322815934817, 0.1197886392474174]}