{"\u03bb": [0.0018, 0.0035, 0.0067, 0.013, 0.025, 0.0483], "bpp": [0.12536, 0.199557, 0.302165, 0.448517, 0.631904, 0.875163], "psnr": [29.049082, 30.657366, 32.341306, 34.101364, 35.870355, 37.70541], "ms-ssim": [0.931283, 0.952901, 0.968493, 0.979184, 0.986007, 0.990581], "FID": [109.817504883, 67.81048584, 46.589454651, 28.597173691, 17.741989136, 10.539542198], "LPIPS": [0.078080356, 0.040480126, 0.020429539, 0.009951598, 0.005038507, 0.002630876], "DISTS": [0.149706662, 0.114571631, 0.08251667, 0.057209488, 0.03981768, 0.025022253]}