{"\u03bb": [0.0018, 0.0035, 0.0067, 0.013, 0.025, 0.0483, 0.0932, 0.18], "bpp": [0.1244693333333333, 0.2084053333333333, 0.3164373333333333, 0.4715413333333334, 0.6916640000000002, 0.9549119999999999, 1.294533333333333, 1.711424], "psnr": [27.88366293907166, 29.41881664594014, 31.12018998463948, 32.80144063631693, 34.85506129264832, 36.73033730189005, 38.65499099095663, 40.35571161905924], "ms-ssim": [0.9223128159840902, 0.9443766549229622, 0.9630864709615707, 0.9751416767636935, 0.9835252116123835, 0.9891518577933311, 0.9928297325968742, 0.9952725047866503], "FID": [124.934838194471, 92.9854094031965, 65.798059703688, 41.04060162135, 26.2577313203199, 16.6322574830368, 9.09551266311012, 4.66912578367413], "LPIPS": [0.343156894048055, 0.284172475337982, 0.207779943943023, 0.149603346983591, 0.103962202866872, 0.0727149943510691, 0.0498534788688023, 0.0320249771078427], "DISTS": [0.396677777171134, 0.346444750825564, 0.28197739024957, 0.223935758074124, 0.172404525180657, 0.128381460905075, 0.0919733420014381, 0.0636813367406527]}