{"\u03bb": [0.0004, 0.0008, 0.0016, 0.0032, 0.0075, 0.015, 0.03, 0.045], "bpp": [0.1458506666666667, 0.2255573333333333, 0.343488, 0.5074453333333334, 0.7234133333333334, 0.994293333333333, 1.341168, 1.761317333333333], "psnr": [27.50461252530416, 29.12402041753133, 30.85459462801616, 32.68244234720866, 34.68602800369263, 36.6358229319254, 38.55664189656576, 40.35920349756876], "ms-ssim": [0.919256716966629, 0.9436815033356348, 0.9614704151948293, 0.974847046037515, 0.9832955251137415, 0.98906888316075, 0.9929275040825208, 0.9952796498934428], "FID": [128.495719271991, 91.3910561388066, 66.524007607518, 43.7492683056859, 30.8584038562954, 17.467146180165, 9.11985582183717, 4.50289840584383], "LPIPS": [0.36540420850118, 0.292601406574249, 0.219853937625885, 0.154945234457651, 0.112119277318318, 0.0775718688964843, 0.0508917172749837, 0.0327857385079065], "DISTS": [0.406152096887429, 0.345550919572512, 0.285060465335845, 0.2253178358078, 0.178010173141956, 0.131645796199639, 0.0904546827077865, 0.0635416110356648]}