{"\u03bb": [0.0018, 0.0035, 0.0067, 0.013, 0.025, 0.0483], "bpp": [0.1174826666666667, 0.1884266666666667, 0.2902453333333334, 0.4352586666666668, 0.6261813333333333, 0.8524906666666666], "psnr": [28.98561461766561, 30.54510434468587, 32.16166734695435, 34.00062505404154, 35.67653163274129, 37.1988910039266], "ms-ssim": [0.9299725890159607, 0.952149306734403, 0.9676593790451685, 0.9789212867617607, 0.9858924597501755, 0.9902513648072878], "FID": [114.734201733711, 81.23414214161198, 55.32370281352667, 36.77811801764886, 21.95515821196045, 13.59941176220798], "LPIPS": [0.2995697632431984, 0.2301441760112842, 0.1690495065413415, 0.1188834788432966, 0.08509453812924524, 0.06267048965673894], "DISTS": [0.3673879951238632, 0.3123469402392705, 0.2566243732968966, 0.2033661206563314, 0.1588305061062177, 0.1216740955909093]}