{"\u03bb": [0.0018, 0.0035, 0.0067, 0.013, 0.025, 0.0483, 0.0932, 0.18], "bpp": [0.1507093333333334, 0.2356533333333334, 0.3561546666666667, 0.5247359999999999, 0.7298186666666665, 1.02104, 1.367248, 1.8], "psnr": [27.38392043113708, 28.97496978441874, 30.69107341766357, 32.5779352982839, 34.23472317059835, 36.4443933169047, 38.31012614568075, 40.2650663057963], "ms-ssim": [0.9185921574632326, 0.942507137854894, 0.9611383353670439, 0.9745376532276472, 0.9832620248198509, 0.9890712176760038, 0.9928330878416697, 0.9954357743263245], "FID": [127.9489710633025, 95.53874782036712, 64.08519147687679, 44.77988814014111, 27.63161336522847, 17.01892892303186, 9.737481760235653, 4.66370118255594], "LPIPS": [0.3731247652322054, 0.2947450075298548, 0.2234044404079517, 0.1612550104036927, 0.1131918353494257, 0.08244381592764209, 0.05424066132400185, 0.03507106962691372], "DISTS": [0.4068943560123444, 0.3487363929549853, 0.2880240206917127, 0.2300610442956289, 0.1722020482023557, 0.1328032041589419, 0.09675782670577367, 0.06784615914026897]}