{"\u03bb": ["Derivation", "Derivation", "Derivation", "Anchor", "Derivation", "Derivation", "Derivation"], "bpp": [0.260041666666666, 0.315125, 0.360333333333333, 0.435666666666666, 0.511708333333333, 0.646708333333333, 0.71475], "psnr": [30.4812666666666, 31.6956458333333, 32.4197958333333, 33.3445958333333, 33.9967208333333, 34.6644291666666, 34.8418625], "ms-ssim": [0.9578318870332475, 0.9680025464953931, 0.9728039759431781, 0.9779623854201963, 0.9810897944309005, 0.9837461031245034, 0.9844040260899775], "FID": [56.4115757037601, 48.491065844448, 43.1704180486746, 36.8194342912204, 32.7311031794905, 31.0610796468515, 30.2891943100195], "LPIPS": [0.125690927108128, 0.10248064994812, 0.0901614824930826, 0.0752207338809967, 0.0663879265387853, 0.0603809903065363, 0.0588848143815994], "DISTS": [0.292681276798248, 0.25651100029548, 0.235784205297629, 0.214156863590081, 0.201015738149484, 0.194030654927094, 0.19218107809623]}