{"\u03bb": [0.0018, 0.0035, 0.0067, 0.013, 0.025, 0.0483], "bpp": [0.1269013333333333, 0.2000266666666667, 0.3241333333333333, 0.4948959999999999, 0.6874666666666668, 0.9659199999999998], "psnr": [28.59163928031921, 30.05841398239136, 31.82721432050069, 33.64348228772482, 35.42883237202962, 37.31975301106771], "ms-ssim": [0.9277642716964086, 0.9500512207547823, 0.9673157806197802, 0.9782085195183754, 0.9852574169635773, 0.9900420730312666], "FID": [110.9237741796428, 76.45514521994829, 48.82615619008436, 31.78688924087942, 20.34272922786471, 12.49797422669479], "LPIPS": [0.3021193146705627, 0.2337548534075419, 0.1655846734841665, 0.11891970038414, 0.08381931980450948, 0.060202623407046], "DISTS": [0.3715892632802327, 0.3146918614705403, 0.2517688721418381, 0.1977116664250692, 0.1518293445309003, 0.1129546388983727]}