{"\u03bb": [0.0025, 0.0035, 0.0067, 0.013, 0.025, 0.05], "bpp": [0.1785386666666667, 0.2242933333333333, 0.3384586666666666, 0.4919039999999999, 0.7035786666666667, 0.9608213333333332], "psnr": [29.83900904655457, 30.65284490585327, 32.31934452056885, 33.91002750396729, 35.80169407526652, 37.71862856547038], "ms-ssim": [0.9445038214325905, 0.9541929463545481, 0.9690187399586042, 0.9792902866999308, 0.9859812706708908, 0.9907268161574999], "FID": [89.6191145253025, 75.04924034786137, 53.19968572328446, 31.48429591331205, 20.11261304263843, 13.37904097216608], "LPIPS": [0.2581333120663961, 0.2224189440409342, 0.1635355254014333, 0.1171399652957916, 0.08583785096804301, 0.06112281481424967], "DISTS": [0.3357909868160884, 0.3060393258929253, 0.2496374199787776, 0.1959381103515625, 0.1515747557083766, 0.1146729290485382]}