{"\u03bb": [0.0025, 0.0035, 0.0067, 0.013, 0.025, 0.05], "bpp": [0.177904, 0.220896, 0.3316106666666668, 0.48192, 0.6782453333333333, 0.9574773333333333], "psnr": [29.89722696940104, 30.68424375851949, 32.32503374417623, 34.06272331873576, 35.79061142603556, 37.6971222559611], "ms-ssim": [0.9455275312066078, 0.9550311714410782, 0.969328706463178, 0.9794867138067881, 0.9860854595899582, 0.9907460287213326], "FID": [89.75596667833963, 75.1346695370637, 50.0238698080002, 31.60114918483532, 20.80866004721656, 13.65504975859915], "LPIPS": [0.2468854952603579, 0.2147997822612524, 0.1573734298969308, 0.114179892387862, 0.0836581385616834, 0.05866220436291769], "DISTS": [0.3273502513766289, 0.2996594086289406, 0.2438230415185293, 0.1917987863222758, 0.1491978988051414, 0.1093827212850253]}